<configuration>
    <appender name="stdout" class="ch.qos.logback.core.ConsoleAppender">
        <encoder class="ch.qos.logback.core.encoder.LayoutWrappingEncoder">
            <layout class="ch.qos.logback.contrib.json.classic.JsonLayout">
                <timestampFormat>yyyy-MM-dd'T'HH:mm:ss.SSSX</timestampFormat>
                <timestampFormatTimezoneId>Etc/UTC</timestampFormatTimezoneId>

                <jsonFormatter class="ch.qos.logback.contrib.jackson.JacksonJsonFormatter">
                    <prettyPrint>true</prettyPrint>
                </jsonFormatter>
            </layout>
        </encoder>
    </appender>

	<appender name="FILE" class="ch.qos.logback.core.FileAppender">
		<file>logs.json</file>
		<encoder  class="ch.qos.logback.core.encoder.LayoutWrappingEncoder">
			 <layout class="ch.qos.logback.contrib.json.classic.JsonLayout">
                <timestampFormat>yyyy-MM-dd'T'HH:mm:ss.SSSX</timestampFormat>
                <timestampFormatTimezoneId>Etc/UTC</timestampFormatTimezoneId>

                <jsonFormatter class="ch.qos.logback.contrib.jackson.JacksonJsonFormatter">
                    <prettyPrint>true</prettyPrint>
                </jsonFormatter>
            </layout>
		</encoder>
	</appender>

    <root level="debug">
        <appender-ref ref="stdout"/>
        <appender-ref ref="FILE" />
    </root>
</configuration>